CookerStat, GenerateAssetRegistry=0.032999, Initialize=0.175171, RunGuid=RunID41E07882458BE60BCEC9F59404871093
DDCTransactionIdED13217248CA92CEB3D896913AF3242E_0, PutCachedData=, CacheKey=PhysX_1D9C17C451EA4FB88CB7A27536A65DB0_PhysXPC_8E331E0E4D6039F1A50A46BE8F344E1__8ABA5663F52420C2910173AADDE6723ED3CC2308, StartTime=2017.06.10-17.19.57, HierarchicalDDC=, DataSize=840, Duration=2.870087, RunGuid=RunID41E07882458BE60BCEC9F59404871093
SavePackageTransactionIdB7CE1B9F48B1F202BDF5BDB46862F73F_0, Filename=../../../../../../Users/Bruno/Desktop/CatchACoin/CatchACoin/Content/StarterContent/Architecture/Floor_400x400.uasset, AutoPackageBackupDelegate=29.096272, FlushAsyncLoading=0.009120, FlushStreamingFunc=0.029240, BlockTillAllRequestsFinished=0.037022, ResetLoadersForSaveUnMarkAllObjects=64.626694, TagPackageExports=0.105157, BeginCacheForCookedPlatformData=0.001878, SerializeImports=2.328474, GatherLocalizableTextData=24.938549, MarkNames=0.028703, SerializeSummary=0.433505, SerializeNames=0.097644, SerializeGatherableTextData=0.001878, BuildExportMap=0.819258, SortExportsNonSeekfree=0.317350, SortExportsSeekfreeConstructor=3.771700, SortExportsSeekfreeInner=9.048857, SortExportsSeekfree=0.011001, BuildDependencyMap=1.746085, SerializeImportMap=0.011265, SerializeExportMap=0.007510, SerializeDependencyMap=0.003219, SerializeStringAssetReferenceMap=0.004828, SaveThumbNailsAssetRegistryDataWorldLevelInfo=19.147947, SerializeExports=0.324052, SerializeBulkData=0.028975, MoveFile=27.205057, UnaccountedTime=109.035362, RunGuid=RunID41E07882458BE60BCEC9F59404871093
SavePackageTransactionIdB7CE1B9F48B1F202BDF5BDB46862F73F_1, Filename=../../../../../../Users/Bruno/Desktop/CatchACoin/CatchACoin/Content/CatchACoinGamemode.uasset, AutoPackageBackupDelegate=0.571653, FlushAsyncLoading=0.007246, FlushStreamingFunc=0.129297, BlockTillAllRequestsFinished=0.015024, ResetLoadersForSaveUnMarkAllObjects=0.256184, TagPackageExports=1.343969, BeginCacheForCookedPlatformData=0.002414, SerializeImports=48.882130, GatherLocalizableTextData=1.195088, MarkNames=0.023875, SerializeSummary=0.016902, SerializeNames=0.197168, SerializeGatherableTextData=0.006437, BuildExportMap=0.158809, SortExportsNonSeekfree=0.098985, SortExportsSeekfreeConstructor=0.113476, SortExportsSeekfreeInner=42.807442, SortExportsSeekfree=0.006437, BuildDependencyMap=0.023607, SerializeImportMap=0.009388, SerializeExportMap=0.010729, SerializeDependencyMap=0.004023, SerializeStringAssetReferenceMap=0.002682, SaveThumbNailsAssetRegistryDataWorldLevelInfo=0.262357, SerializeExports=1.375891, SerializeBulkData=0.005636, MoveFile=1.658101, UnaccountedTime=1.950499, RunGuid=RunID41E07882458BE60BCEC9F59404871093
SavePackageTransactionIdB7CE1B9F48B1F202BDF5BDB46862F73F_2, Filename=../../../../../../Users/Bruno/Desktop/CatchACoin/CatchACoin/Saved/Autosaves/Game/StarterContent/Maps/Minimal_Default_Auto1.umap, AutoPackageBackupDelegate=49.381088, FlushAsyncLoading=0.017438, FlushStreamingFunc=0.158269, BlockTillAllRequestsFinished=0.009928, ResetLoadersForSaveUnMarkAllObjects=103.072540, TagPackageExports=0.912074, BeginCacheForCookedPlatformData=0.001878, SerializeImports=34.629349, GatherLocalizableTextData=9.498458, MarkNames=0.082087, SerializeSummary=0.017166, SerializeNames=0.507545, SerializeGatherableTextData=0.056602, BuildExportMap=0.291593, SortExportsNonSeekfree=0.234459, SortExportsSeekfreeConstructor=0.072967, SortExportsSeekfreeInner=21.787596, SortExportsSeekfree=0.008319, BuildDependencyMap=0.117227, SerializeImportMap=0.068944, SerializeExportMap=0.046942, SerializeDependencyMap=0.006709, SerializeStringAssetReferenceMap=0.002682, SaveThumbNailsAssetRegistryDataWorldLevelInfo=1.181673, SerializeExports=5.033046, SerializeBulkData=187.716599, MoveFile=1.673661, UnaccountedTime=0.382535, RunGuid=RunID41E07882458BE60BCEC9F59404871093
SavePackageTransactionIdB7CE1B9F48B1F202BDF5BDB46862F73F_3, Filename=../../../../../../Users/Bruno/Desktop/CatchACoin/CatchACoin/Saved/Autosaves/Game/NewBlueprint_Auto1.uasset, AutoPackageBackupDelegate=0.211656, FlushAsyncLoading=0.004292, FlushStreamingFunc=0.101402, BlockTillAllRequestsFinished=0.004292, ResetLoadersForSaveUnMarkAllObjects=0.141371, TagPackageExports=0.008047, BeginCacheForCookedPlatformData=0.001341, SerializeImports=0.992019, GatherLocalizableTextData=0.044260, MarkNames=0.005368, SerializeSummary=0.010997, SerializeNames=0.012070, SerializeGatherableTextData=0.001609, BuildExportMap=0.011537, SortExportsNonSeekfree=0.004023, SortExportsSeekfreeConstructor=0.012070, SortExportsSeekfreeInner=0.019852, SortExportsSeekfree=0.002682, BuildDependencyMap=0.005633, SerializeImportMap=0.071626, SerializeExportMap=0.037018, SerializeDependencyMap=0.001609, SerializeStringAssetReferenceMap=0.002950, SaveThumbNailsAssetRegistryDataWorldLevelInfo=0.020389, SerializeExports=0.006706, SerializeBulkData=0.005633, MoveFile=1.420423, UnaccountedTime=0.283547, RunGuid=RunID41E07882458BE60BCEC9F59404871093
SavePackageTransactionIdB7CE1B9F48B1F202BDF5BDB46862F73F_4, Filename=../../../../../../Users/Bruno/Desktop/CatchACoin/CatchACoin/Content/ballPawn.uasset, AutoPackageBackupDelegate=0.159346, FlushAsyncLoading=0.003219, FlushStreamingFunc=0.033263, BlockTillAllRequestsFinished=0.005364, ResetLoadersForSaveUnMarkAllObjects=0.108644, TagPackageExports=1.382869, BeginCacheForCookedPlatformData=0.003219, SerializeImports=2.129696, GatherLocalizableTextData=2.039023, MarkNames=0.028435, SerializeSummary=0.013415, SerializeNames=0.129569, SerializeGatherableTextData=0.008315, BuildExportMap=0.089329, SortExportsNonSeekfree=0.079673, SortExportsSeekfreeConstructor=0.078600, SortExportsSeekfreeInner=8.701198, SortExportsSeekfree=0.006437, BuildDependencyMap=0.023339, SerializeImportMap=0.013143, SerializeExportMap=0.015292, SerializeDependencyMap=0.004292, SerializeStringAssetReferenceMap=0.002682, SaveThumbNailsAssetRegistryDataWorldLevelInfo=9.065222, SerializeExports=2.503913, SerializeBulkData=0.008050, MoveFile=1.324654, UnaccountedTime=1.742065, RunGuid=RunID41E07882458BE60BCEC9F59404871093
SavePackageTransactionIdB7CE1B9F48B1F202BDF5BDB46862F73F_5, Filename=../../../../../../Users/Bruno/Desktop/CatchACoin/CatchACoin/Saved/Autosaves/Game/Player1Controller_Auto2.uasset, AutoPackageBackupDelegate=0.147272, FlushAsyncLoading=0.003487, FlushStreamingFunc=0.086915, BlockTillAllRequestsFinished=0.004292, ResetLoadersForSaveUnMarkAllObjects=0.144325, TagPackageExports=4.050419, BeginCacheForCookedPlatformData=0.007778, SerializeImports=4.443418, GatherLocalizableTextData=2.657894, MarkNames=0.024948, SerializeSummary=0.013947, SerializeNames=0.124205, SerializeGatherableTextData=0.168733, BuildExportMap=0.104353, SortExportsNonSeekfree=0.217289, SortExportsSeekfreeConstructor=0.067331, SortExportsSeekfreeInner=10.774829, SortExportsSeekfree=0.009388, BuildDependencyMap=0.043996, SerializeImportMap=0.018779, SerializeExportMap=0.026558, SerializeDependencyMap=0.005364, SerializeStringAssetReferenceMap=0.002950, SaveThumbNailsAssetRegistryDataWorldLevelInfo=46.622063, SerializeExports=6.402232, SerializeBulkData=0.013143, MoveFile=189.754288, UnaccountedTime=1.298901, RunGuid=RunID41E07882458BE60BCEC9F59404871093
SavePackageTransactionIdB7CE1B9F48B1F202BDF5BDB46862F73F_6, Filename=../../../../../../Users/Bruno/Desktop/CatchACoin/CatchACoin/Saved/Autosaves/Game/Player1Controller_Auto3.uasset, AutoPackageBackupDelegate=0.200123, FlushAsyncLoading=0.005901, FlushStreamingFunc=0.075918, BlockTillAllRequestsFinished=0.005364, ResetLoadersForSaveUnMarkAllObjects=0.124469, TagPackageExports=10.489132, BeginCacheForCookedPlatformData=0.005633, SerializeImports=267.480530, GatherLocalizableTextData=296.893616, MarkNames=1.353092, SerializeSummary=0.027899, SerializeNames=0.343904, SerializeGatherableTextData=0.373684, BuildExportMap=0.516128, SortExportsNonSeekfree=2.227608, SortExportsSeekfreeConstructor=0.243846, SortExportsSeekfreeInner=19.657635, SortExportsSeekfree=0.006974, BuildDependencyMap=0.070553, SerializeImportMap=0.026289, SerializeExportMap=0.099257, SerializeDependencyMap=0.006709, SerializeStringAssetReferenceMap=0.001878, SaveThumbNailsAssetRegistryDataWorldLevelInfo=166.154068, SerializeExports=19.748035, SerializeBulkData=0.013679, MoveFile=95.853737, UnaccountedTime=0.423308, RunGuid=RunID41E07882458BE60BCEC9F59404871093
SavePackageTransactionIdB7CE1B9F48B1F202BDF5BDB46862F73F_7, Filename=../../../../../../Users/Bruno/Desktop/CatchACoin/CatchACoin/Saved/Autosaves/Game/StarterContent/Maps/Minimal_Default_Auto4.umap, AutoPackageBackupDelegate=141.456680, FlushAsyncLoading=0.019316, FlushStreamingFunc=0.110790, BlockTillAllRequestsFinished=0.010461, ResetLoadersForSaveUnMarkAllObjects=173.149155, TagPackageExports=2.709400, BeginCacheForCookedPlatformData=0.006169, SerializeImports=6.045450, GatherLocalizableTextData=31.232943, MarkNames=0.114009, SerializeSummary=0.032190, SerializeNames=0.827841, SerializeGatherableTextData=0.094160, BuildExportMap=0.608675, SortExportsNonSeekfree=0.861913, SortExportsSeekfreeConstructor=0.102472, SortExportsSeekfreeInner=41.955723, SortExportsSeekfree=0.010196, BuildDependencyMap=0.130106, SerializeImportMap=0.079673, SerializeExportMap=0.061434, SerializeDependencyMap=0.051238, SerializeStringAssetReferenceMap=0.002682, SaveThumbNailsAssetRegistryDataWorldLevelInfo=5.120229, SerializeExports=30.334011, SerializeBulkData=624.361816, MoveFile=2.201855, UnaccountedTime=0.457916, RunGuid=RunID41E07882458BE60BCEC9F59404871093
SavePackageTransactionIdB7CE1B9F48B1F202BDF5BDB46862F73F_8, Filename=../../../../../../Users/Bruno/Desktop/CatchACoin/CatchACoin/Saved/Autosaves/Game/Player1Controller_Auto4.uasset, AutoPackageBackupDelegate=0.183221, FlushAsyncLoading=0.003755, FlushStreamingFunc=0.086915, BlockTillAllRequestsFinished=0.004560, ResetLoadersForSaveUnMarkAllObjects=0.132788, TagPackageExports=10.141201, BeginCacheForCookedPlatformData=0.003755, SerializeImports=10.245286, GatherLocalizableTextData=7.730644, MarkNames=0.054725, SerializeSummary=0.012338, SerializeNames=0.216752, SerializeGatherableTextData=0.185903, BuildExportMap=0.160687, SortExportsNonSeekfree=0.848498, SortExportsSeekfreeConstructor=0.018775, SortExportsSeekfreeInner=76.221855, SortExportsSeekfree=0.007510, BuildDependencyMap=0.106230, SerializeImportMap=0.018239, SerializeExportMap=0.048824, SerializeDependencyMap=0.010461, SerializeStringAssetReferenceMap=0.002954, SaveThumbNailsAssetRegistryDataWorldLevelInfo=32.421322, SerializeExports=15.621699, SerializeBulkData=0.012342, MoveFile=1.636103, UnaccountedTime=0.333712, RunGuid=RunID41E07882458BE60BCEC9F59404871093
SavePackageTransactionIdB7CE1B9F48B1F202BDF5BDB46862F73F_9, Filename=../../../../../../Users/Bruno/Desktop/CatchACoin/CatchACoin/Content/Player1Controller.uasset, AutoPackageBackupDelegate=0.688080, FlushAsyncLoading=0.148885, FlushStreamingFunc=0.096034, BlockTillAllRequestsFinished=0.006706, ResetLoadersForSaveUnMarkAllObjects=0.197172, TagPackageExports=15.402265, BeginCacheForCookedPlatformData=0.008855, SerializeImports=16.111002, GatherLocalizableTextData=13.114032, MarkNames=0.076186, SerializeSummary=0.019848, SerializeNames=0.317082, SerializeGatherableTextData=0.228554, BuildExportMap=0.285696, SortExportsNonSeekfree=1.563940, SortExportsSeekfreeConstructor=0.092279, SortExportsSeekfreeInner=20.950365, SortExportsSeekfree=0.009660, BuildDependencyMap=0.121251, SerializeImportMap=0.015825, SerializeExportMap=0.052042, SerializeDependencyMap=0.013951, SerializeStringAssetReferenceMap=0.002682, SaveThumbNailsAssetRegistryDataWorldLevelInfo=1.630198, SerializeExports=17.828117, SerializeBulkData=0.010196, MoveFile=1.969278, UnaccountedTime=2.428535, RunGuid=RunID41E07882458BE60BCEC9F59404871093
SavePackageTransactionIdB7CE1B9F48B1F202BDF5BDB46862F73F_10, Filename=../../../../../../Users/Bruno/Desktop/CatchACoin/CatchACoin/Content/CatchACoinGamemode.uasset, AutoPackageBackupDelegate=29.753502, FlushAsyncLoading=0.035677, FlushStreamingFunc=0.199582, BlockTillAllRequestsFinished=0.012610, ResetLoadersForSaveUnMarkAllObjects=0.186440, TagPackageExports=0.878274, BeginCacheForCookedPlatformData=0.001878, SerializeImports=2.217684, GatherLocalizableTextData=0.913687, MarkNames=0.031117, SerializeSummary=0.011533, SerializeNames=0.089869, SerializeGatherableTextData=0.005096, BuildExportMap=0.064917, SortExportsNonSeekfree=0.051774, SortExportsSeekfreeConstructor=0.009388, SortExportsSeekfreeInner=7.266291, SortExportsSeekfree=0.006169, BuildDependencyMap=0.024412, SerializeImportMap=0.009924, SerializeExportMap=0.010997, SerializeDependencyMap=0.003487, SerializeStringAssetReferenceMap=0.002686, SaveThumbNailsAssetRegistryDataWorldLevelInfo=0.312787, SerializeExports=1.657024, SerializeBulkData=0.004832, MoveFile=17.061438, UnaccountedTime=1.831125, RunGuid=RunID41E07882458BE60BCEC9F59404871093
SavePackageTransactionIdB7CE1B9F48B1F202BDF5BDB46862F73F_11, Filename=../../../../../../Users/Bruno/Desktop/CatchACoin/CatchACoin/Saved/Autosaves/Game/StarterContent/Maps/Minimal_Default_Auto5.umap, AutoPackageBackupDelegate=247.951111, FlushAsyncLoading=0.019852, FlushStreamingFunc=1.309898, BlockTillAllRequestsFinished=0.011269, ResetLoadersForSaveUnMarkAllObjects=129.217712, TagPackageExports=5.338591, BeginCacheForCookedPlatformData=0.006437, SerializeImports=5.252748, GatherLocalizableTextData=19.492119, MarkNames=0.188049, SerializeSummary=0.023071, SerializeNames=0.649449, SerializeGatherableTextData=0.089601, BuildExportMap=0.513710, SortExportsNonSeekfree=0.535980, SortExportsSeekfreeConstructor=0.111595, SortExportsSeekfreeInner=41.396946, SortExportsSeekfree=0.007242, BuildDependencyMap=0.147540, SerializeImportMap=0.056870, SerializeExportMap=0.044532, SerializeDependencyMap=0.020389, SerializeStringAssetReferenceMap=0.003487, SaveThumbNailsAssetRegistryDataWorldLevelInfo=1.745820, SerializeExports=12.380078, SerializeBulkData=0.808794, MoveFile=3.960285, UnaccountedTime=0.464354, RunGuid=RunID41E07882458BE60BCEC9F59404871093
SavePackageTransactionIdB7CE1B9F48B1F202BDF5BDB46862F73F_12, Filename=../../../../../../Users/Bruno/Desktop/CatchACoin/CatchACoin/Content/StarterContent/Maps/Minimal_Default.umap, AutoPackageBackupDelegate=52.925842, FlushAsyncLoading=0.020925, FlushStreamingFunc=0.277378, BlockTillAllRequestsFinished=0.011802, ResetLoadersForSaveUnMarkAllObjects=221.984070, TagPackageExports=2.307016, BeginCacheForCookedPlatformData=0.003219, SerializeImports=3.719389, GatherLocalizableTextData=13.006728, MarkNames=0.122324, SerializeSummary=0.016902, SerializeNames=0.478033, SerializeGatherableTextData=0.066262, BuildExportMap=0.356246, SortExportsNonSeekfree=0.383340, SortExportsSeekfreeConstructor=0.068940, SortExportsSeekfreeInner=24.703823, SortExportsSeekfree=0.005905, BuildDependencyMap=0.099521, SerializeImportMap=0.040237, SerializeExportMap=0.032727, SerializeDependencyMap=0.013143, SerializeStringAssetReferenceMap=0.002414, SaveThumbNailsAssetRegistryDataWorldLevelInfo=1.192406, SerializeExports=5.953971, SerializeBulkData=0.420898, MoveFile=1.935210, UnaccountedTime=1.736160, RunGuid=RunID41E07882458BE60BCEC9F59404871093
SavePackageTransactionIdB7CE1B9F48B1F202BDF5BDB46862F73F_13, Filename=../../../../../../Users/Bruno/Desktop/CatchACoin/CatchACoin/Content/ballPawn.uasset, AutoPackageBackupDelegate=46.611599, FlushAsyncLoading=0.013147, FlushStreamingFunc=0.043724, BlockTillAllRequestsFinished=0.008855, ResetLoadersForSaveUnMarkAllObjects=1.007576, TagPackageExports=1.117826, BeginCacheForCookedPlatformData=0.001878, SerializeImports=2.941981, GatherLocalizableTextData=2.073899, MarkNames=0.030849, SerializeSummary=0.013411, SerializeNames=0.109985, SerializeGatherableTextData=0.007510, BuildExportMap=0.074845, SortExportsNonSeekfree=0.079941, SortExportsSeekfreeConstructor=0.071358, SortExportsSeekfreeInner=7.235706, SortExportsSeekfree=0.005633, BuildDependencyMap=0.028435, SerializeImportMap=0.012338, SerializeExportMap=0.015292, SerializeDependencyMap=0.003487, SerializeStringAssetReferenceMap=0.002950, SaveThumbNailsAssetRegistryDataWorldLevelInfo=18.136614, SerializeExports=2.774317, SerializeBulkData=0.008319, MoveFile=1.971155, UnaccountedTime=2.265167, RunGuid=RunID41E07882458BE60BCEC9F59404871093
SavePackageTransactionIdB7CE1B9F48B1F202BDF5BDB46862F73F_14, Filename=../../../../../../Users/Bruno/Desktop/CatchACoin/CatchACoin/Saved/Autosaves/Game/StarterContent/Maps/Minimal_Default_Auto6.umap, AutoPackageBackupDelegate=484.193054, FlushAsyncLoading=0.016361, FlushStreamingFunc=0.065994, BlockTillAllRequestsFinished=0.005901, ResetLoadersForSaveUnMarkAllObjects=130.844696, TagPackageExports=16.481199, BeginCacheForCookedPlatformData=0.004828, SerializeImports=4.113458, GatherLocalizableTextData=11.815935, MarkNames=0.075378, SerializeSummary=0.016365, SerializeNames=0.462476, SerializeGatherableTextData=0.062503, BuildExportMap=0.364561, SortExportsNonSeekfree=0.347126, SortExportsSeekfreeConstructor=0.073504, SortExportsSeekfreeInner=23.657352, SortExportsSeekfree=0.004828, BuildDependencyMap=0.092011, SerializeImportMap=0.035409, SerializeExportMap=0.031389, SerializeDependencyMap=0.006169, SerializeStringAssetReferenceMap=0.001878, SaveThumbNailsAssetRegistryDataWorldLevelInfo=1.187846, SerializeExports=20.484404, SerializeBulkData=0.527930, MoveFile=1.838099, UnaccountedTime=0.369389, RunGuid=RunID41E07882458BE60BCEC9F59404871093
SavePackageTransactionIdB7CE1B9F48B1F202BDF5BDB46862F73F_15, Filename=../../../../../../Users/Bruno/Desktop/CatchACoin/CatchACoin/Content/ball.uasset, AutoPackageBackupDelegate=0.266917, FlushAsyncLoading=0.004292, FlushStreamingFunc=0.072427, BlockTillAllRequestsFinished=0.012074, ResetLoadersForSaveUnMarkAllObjects=0.206824, TagPackageExports=2.072289, BeginCacheForCookedPlatformData=0.006706, SerializeImports=3.365289, GatherLocalizableTextData=1.610618, MarkNames=0.021193, SerializeSummary=0.016093, SerializeNames=0.100598, SerializeGatherableTextData=0.007510, BuildExportMap=0.104353, SortExportsNonSeekfree=0.070017, SortExportsSeekfreeConstructor=0.066794, SortExportsSeekfreeInner=8.065965, SortExportsSeekfree=0.010192, BuildDependencyMap=0.036214, SerializeImportMap=0.011805, SerializeExportMap=0.013411, SerializeDependencyMap=0.003755, SerializeStringAssetReferenceMap=0.003487, SaveThumbNailsAssetRegistryDataWorldLevelInfo=9.219471, SerializeExports=2.712082, SerializeBulkData=0.008583, MoveFile=2.183884, UnaccountedTime=56.739658, RunGuid=RunID41E07882458BE60BCEC9F59404871093
SavePackageTransactionIdB7CE1B9F48B1F202BDF5BDB46862F73F_16, Filename=../../../../../../Users/Bruno/Desktop/CatchACoin/CatchACoin/Content/ballPawn.uasset, AutoPackageBackupDelegate=21.549654, FlushAsyncLoading=0.008050, FlushStreamingFunc=0.073232, BlockTillAllRequestsFinished=0.005364, ResetLoadersForSaveUnMarkAllObjects=0.142716, TagPackageExports=0.018243, BeginCacheForCookedPlatformData=0.001073, SerializeImports=0.804234, GatherLocalizableTextData=0.016365, MarkNames=0.008047, SerializeSummary=0.010461, SerializeNames=0.020925, SerializeGatherableTextData=0.001609, BuildExportMap=0.021193, SortExportsNonSeekfree=0.010461, SortExportsSeekfreeConstructor=0.010464, SortExportsSeekfreeInner=1.782034, SortExportsSeekfree=0.004292, BuildDependencyMap=0.008047, SerializeImportMap=0.108376, SerializeExportMap=0.033800, SerializeDependencyMap=0.001341, SerializeStringAssetReferenceMap=0.001609, SaveThumbNailsAssetRegistryDataWorldLevelInfo=0.042114, SerializeExports=0.007246, SerializeBulkData=0.004023, MoveFile=1.487754, UnaccountedTime=1.751989, RunGuid=RunID41E07882458BE60BCEC9F59404871093
SavePackageTransactionIdB7CE1B9F48B1F202BDF5BDB46862F73F_17, Filename=../../../../../../Users/Bruno/Desktop/CatchACoin/CatchACoin/Saved/Autosaves/Game/Player1Controller_Auto7.uasset, AutoPackageBackupDelegate=130.323471, FlushAsyncLoading=0.014219, FlushStreamingFunc=0.079405, BlockTillAllRequestsFinished=0.016361, ResetLoadersForSaveUnMarkAllObjects=1.599621, TagPackageExports=49.151997, BeginCacheForCookedPlatformData=0.006437, SerializeImports=28.817822, GatherLocalizableTextData=10.179293, MarkNames=0.064116, SerializeSummary=0.015020, SerializeNames=0.153445, SerializeGatherableTextData=0.203606, BuildExportMap=0.163905, SortExportsNonSeekfree=0.753269, SortExportsSeekfreeConstructor=0.079136, SortExportsSeekfreeInner=43.393047, SortExportsSeekfree=0.008855, BuildDependencyMap=0.070818, SerializeImportMap=0.015561, SerializeExportMap=0.041042, SerializeDependencyMap=0.062235, SerializeStringAssetReferenceMap=0.002414, SaveThumbNailsAssetRegistryDataWorldLevelInfo=15.945759, SerializeExports=15.143934, SerializeBulkData=0.013679, MoveFile=19.236471, UnaccountedTime=0.320032, RunGuid=RunID41E07882458BE60BCEC9F59404871093
SavePackageTransactionIdB7CE1B9F48B1F202BDF5BDB46862F73F_18, Filename=../../../../../../Users/Bruno/Desktop/CatchACoin/CatchACoin/Saved/Autosaves/Game/Player1Controller_Auto8.uasset, AutoPackageBackupDelegate=242.778580, FlushAsyncLoading=0.011805, FlushStreamingFunc=0.283547, BlockTillAllRequestsFinished=0.006974, ResetLoadersForSaveUnMarkAllObjects=1.164239, TagPackageExports=8.150462, BeginCacheForCookedPlatformData=0.002682, SerializeImports=53.582806, GatherLocalizableTextData=36.144466, MarkNames=0.067335, SerializeSummary=0.014752, SerializeNames=0.155590, SerializeGatherableTextData=0.192340, BuildExportMap=0.169806, SortExportsNonSeekfree=1.054790, SortExportsSeekfreeConstructor=0.073232, SortExportsSeekfreeInner=14.921282, SortExportsSeekfree=0.006441, BuildDependencyMap=0.082891, SerializeImportMap=0.018511, SerializeExportMap=0.052311, SerializeDependencyMap=0.009120, SerializeStringAssetReferenceMap=0.002146, SaveThumbNailsAssetRegistryDataWorldLevelInfo=1.490977, SerializeExports=12.848187, SerializeBulkData=0.011533, MoveFile=57.333580, UnaccountedTime=0.464890, RunGuid=RunID41E07882458BE60BCEC9F59404871093
DDCTransactionId1AB9F7854037DAD755624F9F1B75D588_0, BuildTexture=, CacheKey=TEXTURE_814DCC3DC72143F49509781513CB9855_BGRA8_C93014AE4C815D372DEFE1B2E87D67E5_07_0000803F0000803F0000803F000000000000803F00000000000000000000803F00000000000000000200000001000100000000000101000000040000803FFFFFFFFF00000000FF00FF00FFFF8180803B, StartTime=2017.06.10-19.22.37, Duration=126.317848, RunGuid=RunID41E07882458BE60BCEC9F59404871093
DDCTransactionIdED13217248CA92CEB3D896913AF3242E_1, PutCachedData=, CacheKey=TEXTURE_814DCC3DC72143F49509781513CB9855_BGRA8_C93014AE4C815D372DEFE1B2E87D67E__479622285506E34AA988ECD740445FFE0739A5DB, StartTime=2017.06.10-19.22.37, HierarchicalDDC=, DataSize=65797, Duration=178.960144, RunGuid=RunID41E07882458BE60BCEC9F59404871093
DDCTransactionIdED13217248CA92CEB3D896913AF3242E_2, PutCachedData=, CacheKey=TEXTURE_814DCC3DC72143F49509781513CB9855_BGRA8_C93014AE4C815D372DEFE1B2E87D67E__6A1CF7E6B4F8FF1D187C930C9763505287F0A3B4, StartTime=2017.06.10-19.22.38, HierarchicalDDC=, DataSize=22665, Duration=38.497620, RunGuid=RunID41E07882458BE60BCEC9F59404871093
SavePackageTransactionIdB7CE1B9F48B1F202BDF5BDB46862F73F_19, Filename=../../../../../../Users/Bruno/Desktop/CatchACoin/CatchACoin/Content/StarterContent/Maps/Minimal_Default.umap, AutoPackageBackupDelegate=308.981293, FlushAsyncLoading=0.018239, FlushStreamingFunc=0.096038, BlockTillAllRequestsFinished=0.006974, ResetLoadersForSaveUnMarkAllObjects=131.090683, TagPackageExports=2.369247, BeginCacheForCookedPlatformData=0.002414, SerializeImports=3.326125, GatherLocalizableTextData=11.886217, MarkNames=0.071891, SerializeSummary=0.016365, SerializeNames=0.437260, SerializeGatherableTextData=0.064112, BuildExportMap=0.354100, SortExportsNonSeekfree=0.413116, SortExportsSeekfreeConstructor=0.068676, SortExportsSeekfreeInner=52.889626, SortExportsSeekfree=0.005100, BuildDependencyMap=0.100058, SerializeImportMap=0.084501, SerializeExportMap=0.067871, SerializeDependencyMap=0.006169, SerializeStringAssetReferenceMap=0.001878, SaveThumbNailsAssetRegistryDataWorldLevelInfo=47.394913, SerializeExports=69.252258, SerializeBulkData=1.852319, MoveFile=28.218798, UnaccountedTime=3.748898, RunGuid=RunID41E07882458BE60BCEC9F59404871093
SavePackageTransactionIdB7CE1B9F48B1F202BDF5BDB46862F73F_20, Filename=../../../../../../Users/Bruno/Desktop/CatchACoin/CatchACoin/Content/ball.uasset, AutoPackageBackupDelegate=95.184700, FlushAsyncLoading=0.019584, FlushStreamingFunc=0.084501, BlockTillAllRequestsFinished=0.017706, ResetLoadersForSaveUnMarkAllObjects=0.273086, TagPackageExports=1.129363, BeginCacheForCookedPlatformData=0.002414, SerializeImports=2.716914, GatherLocalizableTextData=6.181721, MarkNames=0.046141, SerializeSummary=0.018511, SerializeNames=0.143517, SerializeGatherableTextData=0.230163, BuildExportMap=0.096306, SortExportsNonSeekfree=0.052311, SortExportsSeekfreeConstructor=0.126347, SortExportsSeekfreeInner=8.660156, SortExportsSeekfree=0.020653, BuildDependencyMap=0.048287, SerializeImportMap=0.015020, SerializeExportMap=0.020925, SerializeDependencyMap=0.144862, SerializeStringAssetReferenceMap=0.005633, SaveThumbNailsAssetRegistryDataWorldLevelInfo=71.357811, SerializeExports=2.643138, SerializeBulkData=0.011537, MoveFile=2.498817, UnaccountedTime=25.847942, RunGuid=RunID41E07882458BE60BCEC9F59404871093
SavePackageTransactionIdB7CE1B9F48B1F202BDF5BDB46862F73F_21, Filename=../../../../../../Users/Bruno/Desktop/CatchACoin/CatchACoin/Saved/Autosaves/Game/StarterContent/Maps/Minimal_Default_Auto9.umap, AutoPackageBackupDelegate=1402.421509, FlushAsyncLoading=0.015292, FlushStreamingFunc=1.830049, BlockTillAllRequestsFinished=0.012342, ResetLoadersForSaveUnMarkAllObjects=248.025696, TagPackageExports=3.351070, BeginCacheForCookedPlatformData=0.005364, SerializeImports=4.140016, GatherLocalizableTextData=17.442097, MarkNames=0.144862, SerializeSummary=0.022534, SerializeNames=190.195572, SerializeGatherableTextData=392.655060, BuildExportMap=9.953692, SortExportsNonSeekfree=0.654012, SortExportsSeekfreeConstructor=0.121519, SortExportsSeekfreeInner=200.806763, SortExportsSeekfree=0.012338, BuildDependencyMap=1.791153, SerializeImportMap=0.051770, SerializeExportMap=0.047214, SerializeDependencyMap=0.017170, SerializeStringAssetReferenceMap=0.004828, SaveThumbNailsAssetRegistryDataWorldLevelInfo=2.973635, SerializeExports=9.617563, SerializeBulkData=0.514250, MoveFile=2.157058, UnaccountedTime=0.467304, RunGuid=RunID41E07882458BE60BCEC9F59404871093
SavePackageTransactionIdB7CE1B9F48B1F202BDF5BDB46862F73F_22, Filename=../../../../../../Users/Bruno/Desktop/CatchACoin/CatchACoin/Saved/Autosaves/Game/CatchACoinGamemode_Auto9.uasset, AutoPackageBackupDelegate=643.066345, FlushAsyncLoading=0.021998, FlushStreamingFunc=0.384681, BlockTillAllRequestsFinished=0.011265, ResetLoadersForSaveUnMarkAllObjects=2.423976, TagPackageExports=2.555691, BeginCacheForCookedPlatformData=0.004292, SerializeImports=5.880740, GatherLocalizableTextData=3.271129, MarkNames=0.068408, SerializeSummary=0.025485, SerializeNames=0.391655, SerializeGatherableTextData=0.014752, BuildExportMap=0.243042, SortExportsNonSeekfree=0.183221, SortExportsSeekfreeConstructor=0.121251, SortExportsSeekfreeInner=22.724890, SortExportsSeekfree=0.013147, BuildDependencyMap=0.072964, SerializeImportMap=0.009924, SerializeExportMap=0.012074, SerializeDependencyMap=299.969452, SerializeStringAssetReferenceMap=6.505243, SaveThumbNailsAssetRegistryDataWorldLevelInfo=0.619404, SerializeExports=1.683585, SerializeBulkData=0.005364, MoveFile=1.824148, UnaccountedTime=0.239555, RunGuid=RunID41E07882458BE60BCEC9F59404871093
SavePackageTransactionIdB7CE1B9F48B1F202BDF5BDB46862F73F_23, Filename=../../../../../../Users/Bruno/Desktop/CatchACoin/CatchACoin/Saved/Autosaves/Game/Player1Controller_Auto9.uasset, AutoPackageBackupDelegate=418.846649, FlushAsyncLoading=0.013411, FlushStreamingFunc=0.084501, BlockTillAllRequestsFinished=0.014219, ResetLoadersForSaveUnMarkAllObjects=1.474612, TagPackageExports=8.616697, BeginCacheForCookedPlatformData=0.004292, SerializeImports=92.552559, GatherLocalizableTextData=5.923658, MarkNames=0.044264, SerializeSummary=0.012875, SerializeNames=0.176784, SerializeGatherableTextData=66.509323, BuildExportMap=0.571117, SortExportsNonSeekfree=2.326060, SortExportsSeekfreeConstructor=0.053920, SortExportsSeekfreeInner=377.436279, SortExportsSeekfree=0.008587, BuildDependencyMap=1.222983, SerializeImportMap=0.016361, SerializeExportMap=0.043727, SerializeDependencyMap=0.083696, SerializeStringAssetReferenceMap=0.004832, SaveThumbNailsAssetRegistryDataWorldLevelInfo=89.655380, SerializeExports=17.260485, SerializeBulkData=0.011001, MoveFile=1.660243, UnaccountedTime=0.313595, RunGuid=RunID41E07882458BE60BCEC9F59404871093
SavePackageTransactionIdB7CE1B9F48B1F202BDF5BDB46862F73F_24, Filename=../../../../../../Users/Bruno/Desktop/CatchACoin/CatchACoin/Content/CatchACoinGamemode.uasset, AutoPackageBackupDelegate=123.682220, FlushAsyncLoading=0.016093, FlushStreamingFunc=0.289183, BlockTillAllRequestsFinished=0.008583, ResetLoadersForSaveUnMarkAllObjects=0.285156, TagPackageExports=1.248471, BeginCacheForCookedPlatformData=0.002950, SerializeImports=2.598341, GatherLocalizableTextData=1.391184, MarkNames=0.025753, SerializeSummary=0.015825, SerializeNames=0.132788, SerializeGatherableTextData=0.006706, BuildExportMap=0.093624, SortExportsNonSeekfree=0.078332, SortExportsSeekfreeConstructor=0.083160, SortExportsSeekfreeInner=8.546948, SortExportsSeekfree=0.007510, BuildDependencyMap=0.027899, SerializeImportMap=0.013147, SerializeExportMap=0.017703, SerializeDependencyMap=0.005364, SerializeStringAssetReferenceMap=0.003219, SaveThumbNailsAssetRegistryDataWorldLevelInfo=0.347126, SerializeExports=1.948085, SerializeBulkData=0.007510, MoveFile=74.271088, UnaccountedTime=3.461324, RunGuid=RunID41E07882458BE60BCEC9F59404871093
SavePackageTransactionIdB7CE1B9F48B1F202BDF5BDB46862F73F_25, Filename=../../../../../../Users/Bruno/Desktop/CatchACoin/CatchACoin/Content/Player1Controller.uasset, AutoPackageBackupDelegate=80.544556, FlushAsyncLoading=0.018243, FlushStreamingFunc=0.126615, BlockTillAllRequestsFinished=0.011537, ResetLoadersForSaveUnMarkAllObjects=0.355173, TagPackageExports=70.796349, BeginCacheForCookedPlatformData=0.008047, SerializeImports=16.604866, GatherLocalizableTextData=9.915330, MarkNames=0.103008, SerializeSummary=0.019584, SerializeNames=0.267185, SerializeGatherableTextData=0.265844, BuildExportMap=0.322711, SortExportsNonSeekfree=0.922270, SortExportsSeekfreeConstructor=0.015024, SortExportsSeekfreeInner=16.804445, SortExportsSeekfree=0.008855, BuildDependencyMap=0.075378, SerializeImportMap=0.019316, SerializeExportMap=0.049897, SerializeDependencyMap=0.070013, SerializeStringAssetReferenceMap=0.002682, SaveThumbNailsAssetRegistryDataWorldLevelInfo=1.060154, SerializeExports=13.650816, SerializeBulkData=0.013947, MoveFile=28.288815, UnaccountedTime=1.886923, RunGuid=RunID41E07882458BE60BCEC9F59404871093
SavePackageTransactionIdB7CE1B9F48B1F202BDF5BDB46862F73F_26, Filename=../../../../../../Users/Bruno/Desktop/CatchACoin/CatchACoin/Content/StarterContent/Maps/Minimal_Default.umap, AutoPackageBackupDelegate=104.194389, FlushAsyncLoading=0.015020, FlushStreamingFunc=0.084501, BlockTillAllRequestsFinished=0.014488, ResetLoadersForSaveUnMarkAllObjects=77.064987, TagPackageExports=1.977593, BeginCacheForCookedPlatformData=0.002146, SerializeImports=25.361589, GatherLocalizableTextData=13.254866, MarkNames=0.099793, SerializeSummary=0.017706, SerializeNames=0.512905, SerializeGatherableTextData=0.037290, BuildExportMap=0.362415, SortExportsNonSeekfree=0.392191, SortExportsSeekfreeConstructor=0.069212, SortExportsSeekfreeInner=24.603762, SortExportsSeekfree=0.007782, BuildDependencyMap=0.109985, SerializeImportMap=0.033263, SerializeExportMap=0.031658, SerializeDependencyMap=0.006441, SerializeStringAssetReferenceMap=0.001878, SaveThumbNailsAssetRegistryDataWorldLevelInfo=1.283076, SerializeExports=6.059129, SerializeBulkData=0.526588, MoveFile=1.992881, UnaccountedTime=1.554016, RunGuid=RunID41E07882458BE60BCEC9F59404871093
SavePackageTransactionIdB7CE1B9F48B1F202BDF5BDB46862F73F_27, Filename=../../../../../../Users/Bruno/Desktop/CatchACoin/CatchACoin/Content/NewBlueprint.uasset, AutoPackageBackupDelegate=0.286229, FlushAsyncLoading=0.004295, FlushStreamingFunc=0.105690, BlockTillAllRequestsFinished=0.012342, ResetLoadersForSaveUnMarkAllObjects=0.202533, TagPackageExports=0.008583, BeginCacheForCookedPlatformData=0.001073, SerializeImports=0.798870, GatherLocalizableTextData=0.012074, MarkNames=0.004560, SerializeSummary=0.010461, SerializeNames=0.009660, SerializeGatherableTextData=0.001341, BuildExportMap=0.009120, SortExportsNonSeekfree=0.003219, SortExportsSeekfreeConstructor=0.070017, SortExportsSeekfreeInner=0.010192, SortExportsSeekfree=0.002146, BuildDependencyMap=0.005096, SerializeImportMap=0.052039, SerializeExportMap=0.032194, SerializeDependencyMap=0.001609, SerializeStringAssetReferenceMap=0.002146, SaveThumbNailsAssetRegistryDataWorldLevelInfo=0.013947, SerializeExports=0.005096, SerializeBulkData=0.003759, MoveFile=1.278512, UnaccountedTime=1.793571, RunGuid=RunID41E07882458BE60BCEC9F59404871093
SavePackageTransactionIdB7CE1B9F48B1F202BDF5BDB46862F73F_28, Filename=../../../../../../Users/Bruno/Desktop/CatchACoin/CatchACoin/Saved/Autosaves/Game/StarterContent/Maps/Minimal_Default_Auto0.umap, AutoPackageBackupDelegate=816.780212, FlushAsyncLoading=0.021730, FlushStreamingFunc=0.108913, BlockTillAllRequestsFinished=19.257124, ResetLoadersForSaveUnMarkAllObjects=10674.140625, TagPackageExports=217.323364, BeginCacheForCookedPlatformData=0.009924, SerializeImports=126.017403, GatherLocalizableTextData=314.252808, MarkNames=1.342896, SerializeSummary=29.437225, SerializeNames=0.681106, SerializeGatherableTextData=136.286835, BuildExportMap=73.507088, SortExportsNonSeekfree=1.123998, SortExportsSeekfreeConstructor=0.184290, SortExportsSeekfreeInner=483.094025, SortExportsSeekfree=0.008583, BuildDependencyMap=113.093292, SerializeImportMap=0.050165, SerializeExportMap=0.032727, SerializeDependencyMap=0.021998, SerializeStringAssetReferenceMap=0.011533, SaveThumbNailsAssetRegistryDataWorldLevelInfo=71.972382, SerializeExports=224.155609, SerializeBulkData=118.957397, MoveFile=287.217560, UnaccountedTime=105.479881, RunGuid=RunID41E07882458BE60BCEC9F59404871093
SavePackageTransactionIdB7CE1B9F48B1F202BDF5BDB46862F73F_29, Filename=../../../../../../Users/Bruno/Desktop/CatchACoin/CatchACoin/Saved/Autosaves/Game/Player2Controller_Auto1.uasset, AutoPackageBackupDelegate=0.285696, FlushAsyncLoading=0.004023, FlushStreamingFunc=0.075649, BlockTillAllRequestsFinished=0.004292, ResetLoadersForSaveUnMarkAllObjects=0.127960, TagPackageExports=9.798906, BeginCacheForCookedPlatformData=0.004560, SerializeImports=10.064211, GatherLocalizableTextData=8.265548, MarkNames=0.052847, SerializeSummary=0.013951, SerializeNames=0.144053, SerializeGatherableTextData=0.198778, BuildExportMap=0.190463, SortExportsNonSeekfree=0.758901, SortExportsSeekfreeConstructor=0.065185, SortExportsSeekfreeInner=15.138302, SortExportsSeekfree=0.008583, BuildDependencyMap=0.080746, SerializeImportMap=0.030849, SerializeExportMap=0.085842, SerializeDependencyMap=0.006974, SerializeStringAssetReferenceMap=0.001878, SaveThumbNailsAssetRegistryDataWorldLevelInfo=232.302856, SerializeExports=26.733458, SerializeBulkData=0.013951, MoveFile=3.804695, UnaccountedTime=0.629868, RunGuid=RunID41E07882458BE60BCEC9F59404871093
SavePackageTransactionIdB7CE1B9F48B1F202BDF5BDB46862F73F_30, Filename=../../../../../../Users/Bruno/Desktop/CatchACoin/CatchACoin/Content/Player2Controller.uasset, AutoPackageBackupDelegate=0.419553, FlushAsyncLoading=0.005096, FlushStreamingFunc=0.096574, BlockTillAllRequestsFinished=0.010192, ResetLoadersForSaveUnMarkAllObjects=0.215948, TagPackageExports=13.568192, BeginCacheForCookedPlatformData=0.005364, SerializeImports=10.919686, GatherLocalizableTextData=8.962211, MarkNames=0.093892, SerializeSummary=0.024945, SerializeNames=0.170346, SerializeGatherableTextData=0.309836, BuildExportMap=0.170879, SortExportsNonSeekfree=0.818722, SortExportsSeekfreeConstructor=0.028972, SortExportsSeekfreeInner=16.240570, SortExportsSeekfree=0.009660, BuildDependencyMap=0.113741, SerializeImportMap=0.025216, SerializeExportMap=0.066798, SerializeDependencyMap=0.043996, SerializeStringAssetReferenceMap=0.004292, SaveThumbNailsAssetRegistryDataWorldLevelInfo=1.812614, SerializeExports=13.404820, SerializeBulkData=0.023339, MoveFile=2.058607, UnaccountedTime=1.701824, RunGuid=RunID41E07882458BE60BCEC9F59404871093
SavePackageTransactionIdB7CE1B9F48B1F202BDF5BDB46862F73F_31, Filename=../../../../../../Users/Bruno/Desktop/CatchACoin/CatchACoin/Saved/Autosaves/Game/StarterContent/Maps/Minimal_Default_Auto2.umap, AutoPackageBackupDelegate=260.314301, FlushAsyncLoading=0.020925, FlushStreamingFunc=0.119910, BlockTillAllRequestsFinished=0.021193, ResetLoadersForSaveUnMarkAllObjects=160.030029, TagPackageExports=2.140425, BeginCacheForCookedPlatformData=0.002146, SerializeImports=3.520880, GatherLocalizableTextData=14.456924, MarkNames=0.121523, SerializeSummary=0.020925, SerializeNames=0.614844, SerializeGatherableTextData=0.085842, BuildExportMap=0.436991, SortExportsNonSeekfree=0.438869, SortExportsSeekfreeConstructor=0.114545, SortExportsSeekfreeInner=27.271315, SortExportsSeekfree=0.006441, BuildDependencyMap=0.098716, SerializeImportMap=0.041578, SerializeExportMap=0.031926, SerializeDependencyMap=0.005901, SerializeStringAssetReferenceMap=0.001878, SaveThumbNailsAssetRegistryDataWorldLevelInfo=1.173358, SerializeExports=7.021371, SerializeBulkData=0.581045, MoveFile=1.774251, UnaccountedTime=0.416070, RunGuid=RunID41E07882458BE60BCEC9F59404871093
SavePackageTransactionIdB7CE1B9F48B1F202BDF5BDB46862F73F_32, Filename=../../../../../../Users/Bruno/Desktop/CatchACoin/CatchACoin/Saved/Autosaves/Game/CatchACoinGamemode_Auto2.uasset, AutoPackageBackupDelegate=122.293182, FlushAsyncLoading=0.011802, FlushStreamingFunc=0.401314, BlockTillAllRequestsFinished=0.009924, ResetLoadersForSaveUnMarkAllObjects=0.284355, TagPackageExports=2.188444, BeginCacheForCookedPlatformData=0.004560, SerializeImports=6.161604, GatherLocalizableTextData=2.532348, MarkNames=0.062507, SerializeSummary=0.017166, SerializeNames=0.253238, SerializeGatherableTextData=0.014484, BuildExportMap=0.220239, SortExportsNonSeekfree=0.276841, SortExportsSeekfreeConstructor=0.023339, SortExportsSeekfreeInner=8.832108, SortExportsSeekfree=0.005633, BuildDependencyMap=0.029508, SerializeImportMap=0.015289, SerializeExportMap=0.015292, SerializeDependencyMap=0.004023, SerializeStringAssetReferenceMap=0.001881, SaveThumbNailsAssetRegistryDataWorldLevelInfo=0.396214, SerializeExports=3.139149, SerializeBulkData=0.005633, MoveFile=2.487551, UnaccountedTime=0.954997, RunGuid=RunID41E07882458BE60BCEC9F59404871093
SavePackageTransactionIdB7CE1B9F48B1F202BDF5BDB46862F73F_33, Filename=../../../../../../Users/Bruno/Desktop/CatchACoin/CatchACoin/Saved/Autosaves/Game/Player1Controller_Auto2.uasset, AutoPackageBackupDelegate=101.245171, FlushAsyncLoading=0.017706, FlushStreamingFunc=0.119105, BlockTillAllRequestsFinished=0.007782, ResetLoadersForSaveUnMarkAllObjects=0.297494, TagPackageExports=15.333056, BeginCacheForCookedPlatformData=0.009391, SerializeImports=169.078079, GatherLocalizableTextData=8.458961, MarkNames=0.085305, SerializeSummary=0.016902, SerializeNames=0.245456, SerializeGatherableTextData=0.214070, BuildExportMap=0.240356, SortExportsNonSeekfree=1.469515, SortExportsSeekfreeConstructor=0.014219, SortExportsSeekfreeInner=22.266169, SortExportsSeekfree=0.012875, BuildDependencyMap=0.170078, SerializeImportMap=0.019316, SerializeExportMap=0.053115, SerializeDependencyMap=0.089329, SerializeStringAssetReferenceMap=0.004295, SaveThumbNailsAssetRegistryDataWorldLevelInfo=1.650855, SerializeExports=19.333578, SerializeBulkData=0.013947, MoveFile=56.603115, UnaccountedTime=0.475623, RunGuid=RunID41E07882458BE60BCEC9F59404871093
SavePackageTransactionIdB7CE1B9F48B1F202BDF5BDB46862F73F_34, Filename=../../../../../../Users/Bruno/Desktop/CatchACoin/CatchACoin/Saved/Autosaves/Game/CatchACoinGamemode_Auto3.uasset, AutoPackageBackupDelegate=9.586714, FlushAsyncLoading=0.005364, FlushStreamingFunc=0.089061, BlockTillAllRequestsFinished=0.010464, ResetLoadersForSaveUnMarkAllObjects=0.184827, TagPackageExports=2.534229, BeginCacheForCookedPlatformData=0.003219, SerializeImports=3.802281, GatherLocalizableTextData=2.328474, MarkNames=0.026826, SerializeSummary=0.012338, SerializeNames=0.134666, SerializeGatherableTextData=0.135470, BuildExportMap=0.114813, SortExportsNonSeekfree=0.246797, SortExportsSeekfreeConstructor=0.059821, SortExportsSeekfreeInner=8.950945, SortExportsSeekfree=0.004292, BuildDependencyMap=0.036217, SerializeImportMap=0.013143, SerializeExportMap=0.017438, SerializeDependencyMap=0.004292, SerializeStringAssetReferenceMap=0.001878, SaveThumbNailsAssetRegistryDataWorldLevelInfo=0.468109, SerializeExports=4.058465, SerializeBulkData=0.007246, MoveFile=1.718454, UnaccountedTime=0.342567, RunGuid=RunID41E07882458BE60BCEC9F59404871093
SavePackageTransactionIdB7CE1B9F48B1F202BDF5BDB46862F73F_35, Filename=../../../../../../Users/Bruno/Desktop/CatchACoin/CatchACoin/Saved/Autosaves/Game/CatchACoinGamemode_Auto4.uasset, AutoPackageBackupDelegate=164.102982, FlushAsyncLoading=0.015020, FlushStreamingFunc=0.100061, BlockTillAllRequestsFinished=0.006974, ResetLoadersForSaveUnMarkAllObjects=0.255112, TagPackageExports=2.219562, BeginCacheForCookedPlatformData=0.005633, SerializeImports=296.497925, GatherLocalizableTextData=4.076172, MarkNames=0.038896, SerializeSummary=0.016633, SerializeNames=0.100598, SerializeGatherableTextData=0.010729, BuildExportMap=0.073772, SortExportsNonSeekfree=0.044797, SortExportsSeekfreeConstructor=0.134934, SortExportsSeekfreeInner=8.085012, SortExportsSeekfree=0.007778, BuildDependencyMap=0.027094, SerializeImportMap=0.010461, SerializeExportMap=0.011001, SerializeDependencyMap=0.002950, SerializeStringAssetReferenceMap=0.002414, SaveThumbNailsAssetRegistryDataWorldLevelInfo=0.292402, SerializeExports=1.387160, SerializeBulkData=0.006437, MoveFile=30.835651, UnaccountedTime=0.456844, RunGuid=RunID41E07882458BE60BCEC9F59404871093
SavePackageTransactionIdB7CE1B9F48B1F202BDF5BDB46862F73F_36, Filename=../../../../../../Users/Bruno/Desktop/CatchACoin/CatchACoin/Saved/Autosaves/Game/Player1Controller_Auto4.uasset, AutoPackageBackupDelegate=157.191055, FlushAsyncLoading=0.174366, FlushStreamingFunc=0.577290, BlockTillAllRequestsFinished=0.007246, ResetLoadersForSaveUnMarkAllObjects=4.011251, TagPackageExports=35.828194, BeginCacheForCookedPlatformData=0.006974, SerializeImports=51.328373, GatherLocalizableTextData=8.575652, MarkNames=0.082891, SerializeSummary=0.014484, SerializeNames=0.754878, SerializeGatherableTextData=0.208169, BuildExportMap=0.172220, SortExportsNonSeekfree=0.773653, SortExportsSeekfreeConstructor=0.011537, SortExportsSeekfreeInner=66.928345, SortExportsSeekfree=0.008851, BuildDependencyMap=0.073504, SerializeImportMap=0.015829, SerializeExportMap=0.040773, SerializeDependencyMap=0.058480, SerializeStringAssetReferenceMap=0.002682, SaveThumbNailsAssetRegistryDataWorldLevelInfo=20.437189, SerializeExports=14.093440, SerializeBulkData=0.011265, MoveFile=25.345764, UnaccountedTime=0.448525, RunGuid=RunID41E07882458BE60BCEC9F59404871093
SavePackageTransactionIdB7CE1B9F48B1F202BDF5BDB46862F73F_37, Filename=../../../../../../Users/Bruno/Desktop/CatchACoin/CatchACoin/Saved/Autosaves/Game/Player2Controller_Auto4.uasset, AutoPackageBackupDelegate=86.073334, FlushAsyncLoading=0.014488, FlushStreamingFunc=0.094157, BlockTillAllRequestsFinished=0.013951, ResetLoadersForSaveUnMarkAllObjects=0.197705, TagPackageExports=11.329584, BeginCacheForCookedPlatformData=0.006706, SerializeImports=46.622868, GatherLocalizableTextData=18.649254, MarkNames=0.087451, SerializeSummary=0.022266, SerializeNames=0.245456, SerializeGatherableTextData=0.299912, BuildExportMap=0.224262, SortExportsNonSeekfree=1.073834, SortExportsSeekfreeConstructor=0.017706, SortExportsSeekfreeInner=62.107758, SortExportsSeekfree=0.013147, BuildDependencyMap=0.103548, SerializeImportMap=0.016633, SerializeExportMap=0.042386, SerializeDependencyMap=0.011269, SerializeStringAssetReferenceMap=0.002682, SaveThumbNailsAssetRegistryDataWorldLevelInfo=1.725432, SerializeExports=24.644270, SerializeBulkData=0.012070, MoveFile=1.647368, UnaccountedTime=0.603847, RunGuid=RunID41E07882458BE60BCEC9F59404871093
SavePackageTransactionIdB7CE1B9F48B1F202BDF5BDB46862F73F_38, Filename=../../../../../../Users/Bruno/Desktop/CatchACoin/CatchACoin/Content/StarterContent/Maps/Minimal_Default.umap, AutoPackageBackupDelegate=159.436371, FlushAsyncLoading=0.014219, FlushStreamingFunc=0.103280, BlockTillAllRequestsFinished=0.005096, ResetLoadersForSaveUnMarkAllObjects=362.969696, TagPackageExports=2.927225, BeginCacheForCookedPlatformData=0.003487, SerializeImports=206.080704, GatherLocalizableTextData=17.663408, MarkNames=0.161223, SerializeSummary=0.030313, SerializeNames=0.634696, SerializeGatherableTextData=0.082623, BuildExportMap=0.664204, SortExportsNonSeekfree=0.647306, SortExportsSeekfreeConstructor=0.095766, SortExportsSeekfreeInner=109.927856, SortExportsSeekfree=0.005633, BuildDependencyMap=2.041172, SerializeImportMap=0.036214, SerializeExportMap=0.031117, SerializeDependencyMap=0.009924, SerializeStringAssetReferenceMap=0.002682, SaveThumbNailsAssetRegistryDataWorldLevelInfo=79.838234, SerializeExports=42.320557, SerializeBulkData=0.475351, MoveFile=38.972706, UnaccountedTime=2.184953, RunGuid=RunID41E07882458BE60BCEC9F59404871093
SavePackageTransactionIdB7CE1B9F48B1F202BDF5BDB46862F73F_39, Filename=../../../../../../Users/Bruno/Desktop/CatchACoin/CatchACoin/Content/CatchACoinGamemode.uasset, AutoPackageBackupDelegate=4.531406, FlushAsyncLoading=0.004023, FlushStreamingFunc=0.081014, BlockTillAllRequestsFinished=0.006169, ResetLoadersForSaveUnMarkAllObjects=0.156127, TagPackageExports=0.668500, BeginCacheForCookedPlatformData=0.001878, SerializeImports=1.531750, GatherLocalizableTextData=2.317477, MarkNames=0.035409, SerializeSummary=0.013679, SerializeNames=0.142179, SerializeGatherableTextData=0.013143, BuildExportMap=0.110522, SortExportsNonSeekfree=0.067603, SortExportsSeekfreeConstructor=0.012875, SortExportsSeekfreeInner=7.163547, SortExportsSeekfree=0.004292, BuildDependencyMap=0.017971, SerializeImportMap=0.010196, SerializeExportMap=0.010997, SerializeDependencyMap=0.001878, SerializeStringAssetReferenceMap=0.001878, SaveThumbNailsAssetRegistryDataWorldLevelInfo=0.228290, SerializeExports=1.221105, SerializeBulkData=0.004023, MoveFile=20.134594, UnaccountedTime=1.816910, RunGuid=RunID41E07882458BE60BCEC9F59404871093
SavePackageTransactionIdB7CE1B9F48B1F202BDF5BDB46862F73F_40, Filename=../../../../../../Users/Bruno/Desktop/CatchACoin/CatchACoin/Content/Player1Controller.uasset, AutoPackageBackupDelegate=4.344966, FlushAsyncLoading=0.003219, FlushStreamingFunc=0.092011, BlockTillAllRequestsFinished=0.010464, ResetLoadersForSaveUnMarkAllObjects=0.194754, TagPackageExports=8.320540, BeginCacheForCookedPlatformData=0.003219, SerializeImports=31.569872, GatherLocalizableTextData=8.044772, MarkNames=0.204142, SerializeSummary=0.024948, SerializeNames=0.437260, SerializeGatherableTextData=0.268526, BuildExportMap=1.160748, SortExportsNonSeekfree=2.588149, SortExportsSeekfreeConstructor=0.018507, SortExportsSeekfreeInner=23.377024, SortExportsSeekfree=0.005901, BuildDependencyMap=0.071090, SerializeImportMap=0.020389, SerializeExportMap=0.064649, SerializeDependencyMap=0.062771, SerializeStringAssetReferenceMap=0.002682, SaveThumbNailsAssetRegistryDataWorldLevelInfo=1.096100, SerializeExports=13.821963, SerializeBulkData=0.008851, MoveFile=22.970881, UnaccountedTime=1.580574, RunGuid=RunID41E07882458BE60BCEC9F59404871093
SavePackageTransactionIdB7CE1B9F48B1F202BDF5BDB46862F73F_41, Filename=../../../../../../Users/Bruno/Desktop/CatchACoin/CatchACoin/Content/Player2Controller.uasset, AutoPackageBackupDelegate=3.792085, FlushAsyncLoading=0.002954, FlushStreamingFunc=0.066258, BlockTillAllRequestsFinished=0.003487, ResetLoadersForSaveUnMarkAllObjects=0.107035, TagPackageExports=10.458014, BeginCacheForCookedPlatformData=0.005633, SerializeImports=9.853631, GatherLocalizableTextData=14.675021, MarkNames=0.085842, SerializeSummary=0.018511, SerializeNames=0.234723, SerializeGatherableTextData=0.257798, BuildExportMap=0.207093, SortExportsNonSeekfree=1.088589, SortExportsSeekfreeConstructor=0.015829, SortExportsSeekfreeInner=17.100870, SortExportsSeekfree=0.006974, BuildDependencyMap=0.079673, SerializeImportMap=0.016633, SerializeExportMap=0.177857, SerializeDependencyMap=0.006706, SerializeStringAssetReferenceMap=0.001878, SaveThumbNailsAssetRegistryDataWorldLevelInfo=1.374014, SerializeExports=75.703850, SerializeBulkData=0.012875, MoveFile=97.564682, UnaccountedTime=38.904564, RunGuid=RunID41E07882458BE60BCEC9F59404871093
